{
  "uploaded_at" : "2020-08-26T12:42:10+00:00",
  "id" : "la0rygajy1wljv",
  "owner" : "test",
  "public_visibility" : "PRIVATE",
  "title" : "palette-01",
  "parts" : [ {
    "id" : "f67eccfb-d6d0-4c48-bd2e-aa8e3a29ba3c",
    "title" : "image-01.jpg",
    "content_type" : "IMAGE_UPLOAD",
    "file" : "f67eccfb-d6d0-4c48-bd2e-aa8e3a29ba3c.jpg"
  }, {
    "id" : "7e649aaf-d5b0-4bb6-a687-3ec5adf11419",
    "title" : "image-02.jpg",
    "content_type" : "IMAGE_UPLOAD",
    "file" : "7e649aaf-d5b0-4bb6-a687-3ec5adf11419.jpg"
  }, {
    "id" : "ff33890c-d0b7-4992-aa18-967f2ec39864",
    "title" : "image-03.jpg",
    "content_type" : "IMAGE_UPLOAD",
    "file" : "ff33890c-d0b7-4992-aa18-967f2ec39864.jpg"
  }, {
    "id" : "36e6c494-6b68-44c4-9c12-c3464616ef94",
    "title" : "image-04.png",
    "content_type" : "IMAGE_UPLOAD",
    "file" : "36e6c494-6b68-44c4-9c12-c3464616ef94.png"
  } ]
}