{
  "uploaded_at" : "2020-08-26T12:42:11+00:00",
  "id" : "bmn3jenxsverur",
  "owner" : "test",
  "public_visibility" : "PRIVATE",
  "title" : "palette-02",
  "parts" : [ {
    "id" : "4c15ba59-22e5-42c9-9be6-2a07419b6499",
    "title" : "image-01.jpg",
    "content_type" : "IMAGE_UPLOAD",
    "file" : "4c15ba59-22e5-42c9-9be6-2a07419b6499.jpg"
  }, {
    "id" : "d4dd441f-9fbc-4391-a7d7-879f197b0143",
    "title" : "image-02.jpg",
    "content_type" : "IMAGE_UPLOAD",
    "file" : "d4dd441f-9fbc-4391-a7d7-879f197b0143.jpg"
  }, {
    "id" : "59a88775-2da6-43ee-bbd7-35d8e76f6c0e",
    "title" : "image-03.jpg",
    "content_type" : "IMAGE_UPLOAD",
    "file" : "59a88775-2da6-43ee-bbd7-35d8e76f6c0e.jpg"
  }, {
    "id" : "8fb55c3b-617a-4a2e-8162-25891982bb3e",
    "title" : "image-04.png",
    "content_type" : "IMAGE_UPLOAD",
    "file" : "8fb55c3b-617a-4a2e-8162-25891982bb3e.png"
  } ]
}